/*
SQLyog Enterprise - MySQL GUI v8.14 
MySQL - 5.7.14 : Database - zata
*********************************************************************
*/

/*!40101 SET NAMES utf8 */;

/*!40101 SET SQL_MODE=''*/;

/*!40014 SET @OLD_UNIQUE_CHECKS=@@UNIQUE_CHECKS, UNIQUE_CHECKS=0 */;
/*!40014 SET @OLD_FOREIGN_KEY_CHECKS=@@FOREIGN_KEY_CHECKS, FOREIGN_KEY_CHECKS=0 */;
/*!40101 SET @OLD_SQL_MODE=@@SQL_MODE, SQL_MODE='NO_AUTO_VALUE_ON_ZERO' */;
/*!40111 SET @OLD_SQL_NOTES=@@SQL_NOTES, SQL_NOTES=0 */;
CREATE DATABASE /*!32312 IF NOT EXISTS*/`zata` /*!40100 DEFAULT CHARACTER SET utf8 COLLATE utf8_unicode_ci */;

USE `zata`;

/*Data for the table `aux_prioridade` */

insert  into `aux_prioridade`(`id_prioridade`,`desc_prioridade`,`legenda`,`sla`,`hex_color`,`index_letra`) values (1,'Critico','O problema/solicitação/dúvida impede que a empresa realize seus processos basicos?<br/><br/>\r\n									O problema/solicitação/dúvida impede a execução de algum servico da empresa?<br/><br/>\r\n									O problema/solicitação/dúvida impede que o solicitante realize sua função?','00:30:30','#F3565D','A'),(2,'Alta','O problema/solicitação/dúvida do solicitante não o impede de realizar as atividades, mas causa retardo na execução das tarefas?','02:00:00','#DFBA49','B'),(3,'Media','O problema/solicitação/dúvida do solicitante não o impede de realizar as atividades, nem causa retardo na execução das tarefas, mas o ajudaria a fazer o trabalho melhor?<br/><br/>\r\n									O problema/solicitação/dúvida impede que do solicitante realize funcoes secundarias?','08:00:00','#89C4F4','C'),(4,'Baixa','O problema/solicitação/dúvida nao se encaixou em nenhuma das categorias? <br/></br>\r\n(!) Aqui eh preciso ter cuidado com os falsos positivos. Como nossa estrutura de atribuicao de prioridade eh simples, pode ser que algum item que caia aqui nao seja de prioridade baixa. Fique atento!','14:00:00','#C6C6C6','D');

/*Data for the table `aux_tempo_garantia` */

insert  into `aux_tempo_garantia`(`id_tempo_garantia`,`desc_tempo_garantia`) values (1,'Por tempo indeterminado'),(2,'30 Dias'),(3,'3 Meses'),(4,'6 Meses'),(5,'12 Meses'),(6,'18 Meses');

/*Data for the table `cli_cliente_fornecedor` */

insert  into `cli_cliente_fornecedor`(`id_cf`,`tipo_pessoa`,`numCPF_numCNPJ`,`razao_social`,`nome_fantasia`,`insc_municipal`,`insc_estadual`,`cep`,`endereco`,`numero`,`complemento`,`bairro`,`cidade`,`uf`,`pais`,`telefone`,`email`,`tipo_cadastro`,`contato_nome`,`contato_dth_nascimento`,`contato_telefone`,`contato_ramal`,`contato_fax`,`contato_celular`,`contato_email`,`contato_website`,`endereco_tipo`,`endereco_tipo_pessoa`,`endereco_cnpj`,`endereco_cep`,`endereco_endereco`,`endereco_bairro`,`endereco_numero`,`endereco_complemento`,`endereco_cidade`,`endereco_uf`,`config_id_lista_preco`,`config_id_cond_pagto`,`fiscais_tributarias_obsvc`,`fiscais_tributarias_consumidor_final`,`fiscais_tributarias_ramo_atividade`,`fiscais_tributarias_regime_tributario`,`dados_adcionais_id_categoria`,`dados_adcionais_inicio_atividade`,`dados_adcionais_final_atividade`,`dados_adcionais_id_vendedor`,`dados_adcionais_situacao`,`dados_adcionais_insc_suframa`,`dados_adcionais_obsvc`,`id_usuario_criacao`,`dth_criacao`,`id_usuario_atualizacao`,`dth_atualizacao`,`sit_ativo`,`token_company`,`token_id`) values (14,'J','13.373.729/0001-55','Mec3 do Brasil Produtos Alimenticios Ltda','Mec3 do Brasil','','','06.716-020','Rua Soluções do Lar','65','','Jardim do Rio Cotia','Cotia','SP','Brasil','(11) 4701-7700','','Fornecedor',NULL,NULL,NULL,NULL,NULL,NULL,NULL,NULL,NULL,NULL,NULL,NULL,NULL,NULL,NULL,NULL,NULL,NULL,NULL,NULL,NULL,NULL,NULL,NULL,NULL,NULL,NULL,NULL,NULL,NULL,NULL,51,'2017-09-21 12:09:04',51,'2017-09-21 12:40:08','N','260635a09da31c7fd54.08270071','7AC3C6F5A32F806870EF31F022E1075C'),(15,'J','','','Fabri','','','','','','','','','','','','','Fornecedor',NULL,NULL,NULL,NULL,NULL,NULL,NULL,NULL,NULL,NULL,NULL,NULL,NULL,NULL,NULL,NULL,NULL,NULL,NULL,NULL,NULL,NULL,NULL,NULL,NULL,NULL,NULL,NULL,NULL,NULL,NULL,51,'2017-09-21 13:21:24',51,'2017-09-21 16:03:06','N','260635a09da31c7fd54.08270071','109F23DE155DD1784A12E62E0D476260'),(16,'J','','SUPERMERCADO ','Supermercado - Compras Diversas','','','','','','','','','','','','','Fornecedor',NULL,NULL,NULL,NULL,NULL,NULL,NULL,NULL,NULL,NULL,NULL,NULL,NULL,NULL,NULL,NULL,NULL,NULL,NULL,NULL,NULL,NULL,NULL,NULL,NULL,NULL,NULL,NULL,NULL,NULL,NULL,51,'2017-09-21 15:51:51',51,'2017-09-21 16:03:30','N','260635a09da31c7fd54.08270071','510915BD290ED431FB0EB8FE77860B60'),(22,'F','019.960.743-50','','RALNY ANDRADE','2403687','','64079-142','Conjunto Residencial Manoel Evangelista II','4701','Rua 18','Novo Horizonte','Teresina','PI','Brasil','(86) 99541-5491','ralnyandrade@gmail.com','Cliente',NULL,NULL,NULL,NULL,NULL,NULL,NULL,NULL,NULL,NULL,NULL,NULL,NULL,NULL,NULL,NULL,NULL,NULL,NULL,NULL,NULL,NULL,NULL,NULL,NULL,NULL,NULL,NULL,NULL,NULL,NULL,1,'2019-10-09 18:29:48',1,'2019-10-10 11:34:39','N','260635a09da31c7fd54.08270071','FF5290D3498CC91833C776EBAE19455A');

/*Data for the table `emp_empresas` */

insert  into `emp_empresas`(`id_empresa`,`numCNPJ`,`razao_social`,`nome_fantasia`,`insc_municipal`,`insc_estadual`,`cep`,`endereco`,`numero`,`complemento`,`bairro`,`cidade`,`uf`,`pais`,`telefone`,`email`,`contato_nome`,`contato_dth_fundacao`,`contato_telefone`,`contato_ramal`,`contato_fax`,`contato_celular`,`contato_email`,`contato_website`,`fiscais_tributarias_obsvc`,`fiscais_tributarias_consumidor_final`,`fiscais_tributarias_ramo_atividade`,`fiscais_tributarias_regime_tributario`,`dados_adcionais_id_categoria`,`dados_adcionais_inicio_atividade`,`dados_adcionais_final_atividade`,`dados_adcionais_id_vendedor`,`dados_adcionais_situacao`,`dados_adcionais_insc_suframa`,`dados_adcionais_obsvc`,`id_usuario_criacao`,`dth_criacao`,`id_usuario_atualizacao`,`dth_atualizacao`,`sit_ativo`,`token_company`,`token_id`) values (1,'13.492.328/0001-14','TERESINA EMPREENDIMENTOS HOTELEIROS LTDA','BLUE TREE RIO POTY',NULL,NULL,' 64.014-05','AV MARECHAL CASTELO BRANCO','555','SALA 15','ILHOTAS','TERESINA','PI','BR','(86) 4009-4009','ggeral.riopoty@bluetree.com.br','Mauricio Oliveira',NULL,NULL,NULL,NULL,NULL,NULL,NULL,NULL,NULL,NULL,NULL,NULL,NULL,NULL,NULL,NULL,NULL,NULL,NULL,NULL,NULL,NULL,NULL,'260635a09da31c7fd54.08270071','260635a09da31c7fd54.08270071');

/*Data for the table `emp_estoque` */

insert  into `emp_estoque`(`id_estoque`,`id_unidade`,`nome_estoque`,`id_usuario_criacao`,`dth_criacao`,`id_usuario_atualizacao`,`dth_atualizacao`,`sit_ativo`,`token_company`,`token_id`) values (1,1,'Estoque Principal',NULL,NULL,NULL,NULL,NULL,NULL,NULL),(2,1,'Estoque Producao',NULL,NULL,NULL,NULL,NULL,NULL,NULL),(3,2,'Estoque Producao',NULL,NULL,NULL,NULL,NULL,NULL,NULL);

/*Data for the table `emp_unidade` */

insert  into `emp_unidade`(`id_unidade`,`id_empresa`,`apelido`,`numCNPJ`,`razao_social`,`nome_fantasia`,`insc_municipal`,`insc_estadual`,`cep`,`endereco`,`numero`,`complemento`,`bairro`,`cidade`,`uf`,`pais`,`telefone`,`email`,`contato_nome`,`contato_dth_fundacao`,`contato_telefone`,`contato_ramal`,`contato_fax`,`contato_celular`,`contato_email`,`contato_website`,`fiscais_tributarias_obsvc`,`fiscais_tributarias_consumidor_final`,`fiscais_tributarias_ramo_atividade`,`fiscais_tributarias_regime_tributario`,`dados_adcionais_id_categoria`,`dados_adcionais_inicio_atividade`,`dados_adcionais_final_atividade`,`dados_adcionais_id_vendedor`,`dados_adcionais_situacao`,`dados_adcionais_insc_suframa`,`dados_adcionais_obsvc`,`id_usuario_criacao`,`dth_criacao`,`id_usuario_atualizacao`,`dth_atualizacao`,`sit_ativo`,`token_company`,`token_id`) values (1,2,'Joca Vieiraaaaaaaaaaaaaaaaaaa','14.505.670/0002-22','Gelato e Grano Industria de Gelato LTDA','Gelato & Grano',NULL,NULL,'64049-541','Rua Professor Joca Vieira','1361','Proximo ao Coco Bambu',NULL,'Teresina','PI','BR',NULL,NULL,NULL,NULL,NULL,NULL,NULL,NULL,NULL,NULL,NULL,NULL,NULL,NULL,NULL,NULL,NULL,NULL,NULL,NULL,NULL,NULL,NULL,1,'2019-08-22 11:23:52','S','260635a09da31c7fd54.08270071','220625a09da31c7fd53.20222182'),(2,2,'Joca Vieiraaaaaaaaaaaaaaaaaaa','14.505.670/0002-22','Gelato e Grano Industria de Gelato LTDA','',NULL,NULL,NULL,NULL,NULL,NULL,NULL,NULL,NULL,NULL,NULL,NULL,NULL,NULL,NULL,NULL,NULL,NULL,NULL,NULL,NULL,NULL,NULL,NULL,NULL,NULL,NULL,NULL,NULL,NULL,NULL,NULL,NULL,1,'2019-08-22 11:23:52','S','260635a09da31c7fd54.08270071','220625a09da31c7fd53.20222182');

/*Data for the table `eve_arrumacao_sala` */

insert  into `eve_arrumacao_sala`(`id_arrumacao`,`id_sala`,`id_formato_de_sala`,`num_pax`,`tempo_montagem`,`tempo_desmontagem`,`file_name_miniature`,`token_id`,`token_company`,`id_usuario_criacao`,`dth_criacao`,`id_usuario_atualizacao`,`dth_atualizacao`,`sit_ativo`) values (48,9,10,50,'01h00','01h00',NULL,NULL,NULL,1,'2019-10-08 09:56:04',1,'2019-10-08 09:56:04',NULL),(6,6,2,150,'02h00','02h00',NULL,NULL,NULL,1,'2019-10-08 08:56:27',1,'2019-10-08 08:56:27',NULL),(7,6,10,80,'01h00','01h00',NULL,NULL,NULL,1,'2019-10-08 08:56:40',1,'2019-10-08 08:56:40',NULL),(8,6,11,80,'01h00','01h00',NULL,NULL,NULL,1,'2019-10-08 08:56:58',1,'2019-10-08 08:56:58',NULL),(9,6,7,60,'01h00','01h00',NULL,NULL,NULL,1,'2019-10-08 08:57:10',1,'2019-10-08 08:57:10',NULL),(10,6,17,120,'02h00','02h00',NULL,NULL,NULL,1,'2019-10-08 08:57:24',1,'2019-10-08 08:57:24',NULL),(20,5,18,250,'02h00','02h00',NULL,NULL,NULL,1,'2019-10-08 09:16:38',1,'2019-10-08 09:16:38',NULL),(17,7,11,100,'02h00','02h00',NULL,NULL,NULL,1,'2019-10-08 09:12:47',1,'2019-10-08 09:12:47',NULL),(16,7,10,100,'02h00','02h00',NULL,NULL,NULL,1,'2019-10-08 09:11:49',1,'2019-10-08 09:11:49',NULL),(15,7,2,300,'02h00','02h00',NULL,NULL,NULL,1,'2019-10-08 09:10:57',1,'2019-10-08 09:10:57',NULL),(18,7,7,60,'01h00','01h00',NULL,NULL,NULL,1,'2019-10-08 09:13:56',1,'2019-10-08 09:13:56',NULL),(19,7,17,150,'02h00','02h00',NULL,NULL,NULL,1,'2019-10-08 09:14:34',1,'2019-10-08 09:14:34',NULL),(21,5,5,300,'02h00','02h00',NULL,NULL,NULL,1,'2019-10-08 09:16:56',1,'2019-10-08 09:16:56',NULL),(22,3,2,350,'02h00','02h00',NULL,NULL,NULL,1,'2019-10-08 09:19:35',1,'2019-10-08 09:19:35',NULL),(23,3,10,220,'02h00','02h00',NULL,NULL,NULL,1,'2019-10-08 09:19:49',1,'2019-10-08 09:19:49',NULL),(24,3,11,220,'02h00','02h00',NULL,NULL,NULL,1,'2019-10-08 09:20:54',1,'2019-10-08 09:20:54',NULL),(25,3,7,60,'02h00','02h00',NULL,NULL,NULL,1,'2019-10-08 09:22:50',1,'2019-10-08 09:22:50',NULL),(26,3,17,150,'02h00','02h00',NULL,NULL,NULL,1,'2019-10-08 09:26:24',1,'2019-10-08 09:26:24',NULL),(27,13,2,600,'03h00','03h00',NULL,NULL,NULL,1,'2019-10-08 09:31:53',1,'2019-10-08 09:31:53',NULL),(28,13,10,300,'03h00','03h00',NULL,NULL,NULL,1,'2019-10-08 09:35:09',1,'2019-10-08 09:35:09',NULL),(29,13,11,350,'02h00','02h00',NULL,NULL,NULL,1,'2019-10-08 09:36:05',1,'2019-10-08 09:36:05',NULL),(30,13,7,150,'02h00','02h00',NULL,NULL,NULL,1,'2019-10-08 09:36:35',1,'2019-10-08 09:36:35',NULL),(31,13,17,350,'03h00','03h00',NULL,NULL,NULL,1,'2019-10-08 09:36:58',1,'2019-10-08 09:36:58',NULL),(32,11,2,200,'02h00','02h00',NULL,NULL,NULL,1,'2019-10-08 09:42:29',1,'2019-10-08 09:42:29',NULL),(33,11,10,120,'02h00','02h00',NULL,NULL,NULL,1,'2019-10-08 09:42:44',1,'2019-10-08 09:42:44',NULL),(34,11,11,100,'02h00','02h00',NULL,NULL,NULL,1,'2019-10-08 09:43:51',1,'2019-10-08 09:43:51',NULL),(35,11,7,50,'01h00','01h00',NULL,NULL,NULL,1,'2019-10-08 09:44:12',1,'2019-10-08 09:44:12',NULL),(36,11,17,100,'02h00','02h00',NULL,NULL,NULL,1,'2019-10-08 09:44:32',1,'2019-10-08 09:44:32',NULL),(37,14,2,70,'01h00','01h00',NULL,NULL,NULL,1,'2019-10-08 09:46:24',1,'2019-10-08 09:46:24',NULL),(38,14,10,50,'01h00','01h00',NULL,NULL,NULL,1,'2019-10-08 09:46:34',1,'2019-10-08 09:46:34',NULL),(39,14,11,40,'01h00','01h00',NULL,NULL,NULL,1,'2019-10-08 09:46:53',1,'2019-10-08 09:46:53',NULL),(40,14,7,30,'01h00','01h00',NULL,NULL,NULL,1,'2019-10-08 09:47:05',1,'2019-10-08 09:47:05',NULL),(41,14,17,50,'01h00','01h00',NULL,NULL,NULL,1,'2019-10-08 09:47:17',1,'2019-10-08 09:47:17',NULL),(42,12,2,70,'01h00','01h00',NULL,NULL,NULL,1,'2019-10-08 09:48:27',1,'2019-10-08 09:48:27',NULL),(43,12,10,50,'01h00','01h00',NULL,NULL,NULL,1,'2019-10-08 09:48:50',1,'2019-10-08 09:48:50',NULL),(44,12,11,40,'01h00','01h00',NULL,NULL,NULL,1,'2019-10-08 09:49:01',1,'2019-10-08 09:49:01',NULL),(45,12,7,30,'01h00','01h00',NULL,NULL,NULL,1,'2019-10-08 09:49:14',1,'2019-10-08 09:49:14',NULL),(46,12,17,50,'01h00','01h00',NULL,NULL,NULL,1,'2019-10-08 09:49:23',1,'2019-10-08 09:49:23',NULL),(47,9,2,70,'01h00','01h00',NULL,NULL,NULL,1,'2019-10-08 09:50:40',1,'2019-10-08 09:50:40',NULL),(49,9,11,40,'01h00','01h00',NULL,NULL,NULL,1,'2019-10-08 09:56:13',1,'2019-10-08 09:56:13',NULL),(50,9,7,30,'01h00','01h00',NULL,NULL,NULL,1,'2019-10-08 09:56:27',1,'2019-10-08 09:56:27',NULL),(51,9,17,50,'01h00','01h00',NULL,NULL,NULL,1,'2019-10-08 09:56:44',1,'2019-10-08 09:56:44',NULL),(52,4,2,70,'01h00','01h00',NULL,NULL,NULL,1,'2019-10-08 09:59:17',1,'2019-10-08 09:59:17',NULL),(53,4,10,50,'01h00','01h00',NULL,NULL,NULL,1,'2019-10-08 09:59:31',1,'2019-10-08 09:59:31',NULL),(54,4,11,40,'01h00','01h00',NULL,NULL,NULL,1,'2019-10-08 09:59:44',1,'2019-10-08 09:59:44',NULL),(55,4,7,30,'01h00','01h00',NULL,NULL,NULL,1,'2019-10-08 09:59:58',1,'2019-10-08 09:59:58',NULL),(56,4,17,50,'01h00','01h00',NULL,NULL,NULL,1,'2019-10-08 10:00:10',1,'2019-10-08 10:00:10',NULL),(57,8,2,70,'01h00','01h00',NULL,NULL,NULL,1,'2019-10-08 10:01:06',1,'2019-10-08 10:01:06',NULL),(58,8,10,50,'01h00','01h00',NULL,NULL,NULL,1,'2019-10-08 10:01:15',1,'2019-10-08 10:01:15',NULL),(59,8,11,40,'01h00','01h00',NULL,NULL,NULL,1,'2019-10-08 10:01:27',1,'2019-10-08 10:01:27',NULL),(60,8,7,30,'01h00','01h00',NULL,NULL,NULL,1,'2019-10-08 10:01:37',1,'2019-10-08 10:01:37',NULL),(61,8,17,50,'01h00','01h00',NULL,NULL,NULL,1,'2019-10-08 10:02:03',1,'2019-10-08 10:02:03',NULL),(63,10,17,600,'02h00','02h00',NULL,NULL,NULL,1,'2019-10-08 10:58:50',1,'2019-10-08 10:58:50',NULL),(64,10,18,500,'02h00','02h00',NULL,NULL,NULL,1,'2019-10-08 10:59:02',1,'2019-10-08 10:59:02',NULL),(65,15,19,10,'00h30','00h30',NULL,NULL,NULL,1,'2019-10-08 11:00:00',1,'2019-10-08 11:00:00',NULL);

/*Data for the table `eve_formato_de_sala` */

insert  into `eve_formato_de_sala`(`id_formato_de_sala`,`desc_formato_de_sala`,`token_id`,`token_company`,`id_usuario_criacao`,`dth_criacao`,`id_usuario_atualizacao`,`dth_atualizacao`,`sit_ativo`) values (3,'Arena','757A7E4779AC55C0ED14FA47B99A74A5','260635a09da31c7fd54.08270071',1,'2019-09-26 12:54:59',1,'2019-09-26 12:54:59','S'),(2,'Auditório','D142727F48BA614FEE67335366C324C6','260635a09da31c7fd54.08270071',1,'2019-09-26 12:45:30',1,'2019-09-26 12:50:02','S'),(4,'Coffee Break','3D99A88D18C81F0BA9466348A69C2FF3','260635a09da31c7fd54.08270071',1,'2019-09-26 12:55:24',1,'2019-09-26 12:55:24','S'),(5,'Coquetel','EBA4AB629AC94AB83AA77024D2ED170A','260635a09da31c7fd54.08270071',1,'2019-09-26 12:55:34',1,'2019-09-26 12:55:34','S'),(6,'Credenciamento','8CC0758F0E9F46D3560747D0BBCB811A','260635a09da31c7fd54.08270071',1,'2019-09-26 12:55:41',1,'2019-09-26 12:55:41','S'),(7,'Em \" U \"','876732232E37BAC9C7C21DF9E9B95AC1','260635a09da31c7fd54.08270071',1,'2019-09-26 12:56:24',1,'2019-09-26 12:56:24','S'),(8,'Em \" T \"','03EE9586BD83BD1B079C3645F0793760','260635a09da31c7fd54.08270071',1,'2019-09-26 12:56:29',1,'2019-09-26 12:56:29','S'),(9,'Em \" U \" Duplo','72BC4B6555FE09E95C16A479676A179C','260635a09da31c7fd54.08270071',1,'2019-09-26 12:56:47',1,'2019-09-26 12:56:47','S'),(10,'Escolar','3D6B518EE1336F038557E75BC5CF3872','260635a09da31c7fd54.08270071',1,'2019-09-26 12:56:54',1,'2019-09-26 12:56:54','S'),(11,'Espinha de Peixe','EDBE5BCCA156EC9B5206B465A22F2FB3','260635a09da31c7fd54.08270071',1,'2019-09-26 12:57:06',1,'2019-09-26 12:57:18','S'),(12,'Meia lua','081667C3160C4C7BA7C9C17EE245234E','260635a09da31c7fd54.08270071',1,'2019-09-26 14:53:48',1,'2019-09-26 14:53:48','S'),(14,'À definir com o cliente','4C86DCC4C3B47E1B78829F7A78AEB0D4','260635a09da31c7fd54.08270071',1,'2019-09-26 14:55:29',1,'2019-09-26 15:02:46','S'),(17,'Banquete Pranchões','7852236686B1719E9864D6ABE56C0C0C','260635a09da31c7fd54.08270071',1,'2019-10-08 08:37:27',1,'2019-10-08 08:37:27','S'),(18,'Banquete mesas redondas','319170A7D85EED0F300B66708C47648A','260635a09da31c7fd54.08270071',1,'2019-10-08 08:38:09',1,'2019-10-08 08:38:09','S'),(19,'Reunião','C818A77B86586D8BB1619B0A1FC1E677','260635a09da31c7fd54.08270071',1,'2019-10-08 08:38:24',1,'2019-10-08 08:38:24','S');

/*Data for the table `eve_reserva_evento` */

insert  into `eve_reserva_evento`(`id_reserva_evento`,`id_cf`,`numero_reserva`,`desc_evento`,`num_pax`,`sit_status`,`dth_previsao_inicio`,`dth_dead_line`,`contato_nome`,`contato_telefone`,`contato_email`,`token_id`,`token_company`,`id_usuario_criacao`,`dth_criacao`,`id_usuario_atualizacao`,`dth_atualizacao`,`sit_ativo`) values (7,22,0028,'CONGRESSO ESTADUAL DE INFORMATICA',200,'A','2019-10-20','2019-10-18','RALNY ANDRADE DE OLIVEIRA','(86) 99541-5491','ralnyandrade@gmail.com','BB792D3FB608D2C2CDB21843AB4018AE','260635a09da31c7fd54.08270071',1,'2019-10-15 17:43:15',1,'2019-10-21 10:34:56','N');

/*Data for the table `eve_reserva_salas` */

/*Data for the table `eve_salas` */

insert  into `eve_salas`(`id_sala`,`nome_sala`,`dimensoes`,`area`,`pe_direito`,`valor_diaria_trf_balcao`,`valor_diaria_trf_especial_iss`,`token_id`,`token_company`,`id_usuario_criacao`,`dth_criacao`,`id_usuario_atualizacao`,`dth_atualizacao`,`sit_ativo`) values (3,'Babaçu','16,00x11,00','176','03,10','3500.00','2500.00','B97F0237840C692C7AB853F4F6087F37','260635a09da31c7fd54.08270071',1,'2019-10-03 17:54:04',1,'2019-10-16 12:56:12','S'),(4,'Salão Buriti','07,00x11,00','77','03,10','1210.00','600.00','8912BED4958C21A4AC545BA3ED96D2CB','260635a09da31c7fd54.08270071',1,'2019-10-03 17:55:02',1,'2019-10-08 09:57:06','S'),(5,'Canoas I e II','30,00x26,50','371','04,00','5000.00','2000.00','78AD6AA6F2118500A490EFBA67F394BC','260635a09da31c7fd54.08270071',1,'2019-10-03 18:16:39',1,'2019-10-08 09:17:09','S'),(6,'Canoas I','15,00x13,00','169','04,00','2500.00','1000.00','8B5850986CF7416DB60146E3ABA08D77','260635a09da31c7fd54.08270071',1,'2019-10-03 18:17:20',1,'2019-10-07 17:37:55','S'),(7,'Canoas II','15,00x13,50','202','04,00','2500.00','1000.00','E91AFE508B2FC4A9D9D98FF21D4AF876','260635a09da31c7fd54.08270071',1,'2019-10-03 18:17:52',1,'2019-10-08 09:04:31','S'),(8,'Carnaúba','07,00x11,00','77','04,00','1210.00','600.00','D50C1A47DC6CEAD8AF8990A9F8B47B08','260635a09da31c7fd54.08270071',1,'2019-10-03 18:18:27',1,'2019-10-08 10:00:56','S'),(9,'Coqueiro','07,00x11,00','77','30,10','1210.00','600.00','3290C234CAA9304FBA12C30E92C5413A','260635a09da31c7fd54.08270071',1,'2019-10-03 18:18:57',1,'2019-10-08 09:50:28','S'),(10,'Foyer','','1080','20,00','6000.00','2000.00','343BDB65F79D8C2EDFADDD71C36F6D6F','260635a09da31c7fd54.08270071',1,'2019-10-03 18:20:16',1,'2019-10-08 10:59:15','S'),(11,'IPÊ','11,70x14,00','164','04,00','2500.00','2000.00','13D50FD463ED6576B5606E0B2DB4D847','260635a09da31c7fd54.08270071',1,'2019-10-03 18:20:42',1,'2019-10-08 09:37:31','S'),(12,'Palmeira','07,00x11,00','77','03,10','1210.00','600.00','E7CB8731B9B4CD885DBBC5C4DF2E3768','260635a09da31c7fd54.08270071',1,'2019-10-03 18:21:03',1,'2019-10-08 09:48:03','S'),(13,'Poty','12,00x36,00','432','04,00','8000.00','3000.00','42E1334B9744888EAD40DC4E58927DEB','260635a09da31c7fd54.08270071',1,'2019-10-03 18:21:43',1,'2019-10-21 17:16:49','S'),(14,'Tucum','07,00x11,00','77','03,10','1210.00','600.00','95A793FD27842960A8C392A5C78E6301','260635a09da31c7fd54.08270071',1,'2019-10-03 18:22:09',1,'2019-10-08 09:46:08','S'),(15,'Aroeira','','24','','1000.00','400.00','9096E4E9528167D573754865BAF83206','260635a09da31c7fd54.08270071',1,'2019-10-08 10:59:42',1,'2019-10-08 11:00:07','S'),(16,'Jenipapo','','49','','1210.00','600.00','D0AA912EA7F3D930298FE881AAC7FD0B','260635a09da31c7fd54.08270071',1,'2019-10-08 11:01:39',1,'2019-10-08 11:02:21','S'),(17,'Jatobá','','21','','2500.00','700.00','A0B5C6524BE1A46D58D2FEFBF87629C8','260635a09da31c7fd54.08270071',1,'2019-10-08 11:02:44',1,'2019-10-08 11:02:44','S'),(18,'Sala VIP','','21','02,80','2000.00','1000.00','68C2C5C42CA2ACE1335C971B010B2C7B','260635a09da31c7fd54.08270071',1,'2019-10-08 11:03:15',1,'2019-10-17 15:03:21','S');

/*Data for the table `eve_utilizacao_sala` */

insert  into `eve_utilizacao_sala`(`id_utilizacao_sala`,`desc_utilizacao_sala`,`desc_definicao`,`token_id`,`token_company`,`id_usuario_criacao`,`dth_criacao`,`id_usuario_atualizacao`,`dth_atualizacao`,`sit_ativo`) values (3,'À definir pelo Cliente',NULL,'08E8A0FDCC326E741B983E971520CB29','260635a09da31c7fd54.08270071',1,'2019-09-26 15:47:48',1,'2019-09-26 15:47:48','S'),(4,'Casamento',NULL,'CA59799ABD8199080F27D6C3D7BC3A4F','260635a09da31c7fd54.08270071',1,'2019-09-26 15:48:04',1,'2019-09-26 15:48:04','S'),(5,'Cocktail',NULL,'04D655DCD65E23CB897CF0A5714FC9CE','260635a09da31c7fd54.08270071',1,'2019-09-26 15:57:57',1,'2019-09-26 15:57:57','S'),(6,'Convenção','Reunião de profissionais de uma mesma empresa ou profissionais equivalentes de empresas diferentes. Convenções podem ser de diversos tipos: vendas, lançamento de produto, congraçamento e comemorações. Debate Discussão entre dois oradores, comprometidos a defender um ponto de vista em torno de determinado assunto, o público interage somente com aplausos ou protestos não-formais.','F76E451D92352019A490BA4D9309537A','260635a09da31c7fd54.08270071',1,'2019-09-26 15:58:10',1,'2019-09-26 16:20:05','S'),(7,'Formatura',NULL,'71644203270F7AE31AF466753C5293AF','260635a09da31c7fd54.08270071',1,'2019-09-26 15:58:20',1,'2019-09-26 15:58:20','S'),(8,'Palestra','É o método de discussão mais comum. Apresenta-se questões sobre um assunto e na sequência inicia-se perguntas e debates com a platéia buscando conclusões. Pode ter como complemento demonstrações ou exercícios de laboratório.','3D7FC611D56EEF0E433473C6B000A7CE','260635a09da31c7fd54.08270071',1,'2019-09-26 15:58:30',1,'2019-09-26 16:20:50','S'),(9,'Plenario',NULL,'47118104ACA9E5B266849EA92274DC34','260635a09da31c7fd54.08270071',1,'2019-09-26 15:58:38',1,'2019-09-26 15:58:38','S'),(10,'Reunião',NULL,'3B9E05CB326A3F199124A5C0AE6C662F','260635a09da31c7fd54.08270071',1,'2019-09-26 15:58:49',1,'2019-09-26 15:58:49','S'),(11,'Sala de Apoio',NULL,'6647AEB39B716085ECADEE3DC9E8D8F4','260635a09da31c7fd54.08270071',1,'2019-09-26 15:59:06',1,'2019-09-26 15:59:06','S'),(12,'Treinamento',NULL,'75563BC8A90BFAC07B4B8CD1DB747834','260635a09da31c7fd54.08270071',1,'2019-09-26 15:59:16',1,'2019-09-26 15:59:16','S'),(13,'Workshop',NULL,'A1941CA6F8E07DAB1719746448EDEF49','260635a09da31c7fd54.08270071',1,'2019-09-26 15:59:22',1,'2019-09-26 15:59:22','S'),(14,'Congresso','É um conjunto de várias sessões de trabalho previamente definidas. Geralmente restrito a grupos associativos, categorias de profissionais ou linhas acadêmicas. Os congressos têm por objetivo de apresentar e debater assuntos de interesse específico de um segmento. Em um único congresso, pode-se ter, simultaneamente ou sequencial, palestras, conferências, mesa-redondas, debates e seminários. Um congresso também pode ser acompanhado de feiras voltadas para o público presente.','98276169E8ADC084175E010323FB0DEB','260635a09da31c7fd54.08270071',1,'2019-09-26 15:59:46',1,'2019-09-26 16:18:13','S'),(15,'Conferência','É a exposição feita por uma autoridade em um determinado assunto para um grande número de pessoas. Conta com a presença de um presidente de mesa para condução da apresentação, segue uma linha mais formal que uma palestra. Na conferência, perguntas são feitas somente por escrito e devidamente identificadas ao término da apresentação.','77E51583497446B7F7CB88CBA0DC12E9','260635a09da31c7fd54.08270071',1,'2019-09-26 16:00:00',1,'2019-09-26 16:58:48','S'),(16,'Fórum','É uma reunião baseada na busca da participação intensa da platéia, preferencialmente formada por um grande número de pessoas. Um coordenador dá o tema de interesse geral e busca a opinião da platéia. Ocorre um debate livre até que conclusões possam ser obtidas.','A4EA6819A87CDA0B3D09F8C90123117B','260635a09da31c7fd54.08270071',1,'2019-09-26 16:00:24',1,'2019-09-26 16:20:17','S'),(17,'Mesa redonda','Reunião com um tempo específico para o questionamento pelos especialistas convidados das teses apresentadas pelos colegas. Há ampla discussão antes mesmo da participação da audiência.','CDDE0F84BA23269DA37CA493E06F28E0','260635a09da31c7fd54.08270071',1,'2019-09-26 16:01:04',1,'2019-09-26 16:20:28','S'),(18,'Painel','Reunião questionadora, que se resume para um grande grupo o teor de apresentações feitas por um grupo menor, ficando este disposto de preferência em mesa de semicírculo com o presidente ao centro. Há ampla discussão e, geralmente, discussões polêmicas.','ACE29C0981E6A801EB2BBF1D9DBA701A','260635a09da31c7fd54.08270071',1,'2019-09-26 16:01:12',1,'2019-09-26 16:20:37','S'),(19,'Simpósio','É uma reunião de especialistas de renome, sob a direção de um moderador, para apresentação de tema científico à um público específico. Os especialistas desenvolvem partes de um mesmo tema, e posteriormente entre si desenvolvem uma fase de debate. O coordenador do simpósio apresenta os especialistas e introduz os tópicos de cada assunto. O público participa somente no final, com perguntas escritas e identificadas, de caráter complementar, sem teor de polêmica.','0495813C3DDB29C25F9210601438A049','260635a09da31c7fd54.08270071',1,'2019-09-26 16:01:23',1,'2019-09-26 16:21:04','S'),(20,'Seminário','É uma sequência de atividades para desenvolver capacidades, conhecimento e aprendizagem por meio de instrutores especializados. O objetivo é somar informações e experiências, sem a necessidade de chegar a conclusões ou resultados. Um seminário pode durar um dia ou até várias semanas.','4E3C80A504280BAB9DFA2CC89B9B8E5B','260635a09da31c7fd54.08270071',1,'2019-09-26 16:01:32',1,'2019-09-26 16:21:15','S'),(21,'Brainstorming','Realiza-se através da estimulação livre do mente dos participantes para estimular a ideias com vista à solução de problemas. Grupos de pessoas são orientadas a emitir ideias sobre uma questão, que vão sendo trocadas e aperfeiçoadas sem juízo prévio de valor.','2BC4B15BBCB175578481E18CB25EC391','260635a09da31c7fd54.08270071',1,'2019-09-26 16:01:37',1,'2019-09-26 16:21:29','S');

/*Data for the table `loc_uf` */

insert  into `loc_uf`(`id_uf`,`sigla`,`nome_uf`) values (1,'AC','Acre'),(2,'AL','Alagoas'),(3,'AP','Amapá'),(4,'AM','Amazonas'),(5,'BA','Bahia'),(6,'CE','Ceará'),(7,'DF','Distrito Federal'),(8,'ES','Espírito Santo'),(9,'GO','Goiás'),(10,'MA','Maranhão'),(11,'MT','Mato Grosso'),(12,'MS','Mato Grosso do Sul'),(13,'MG','Minas Gerais'),(14,'PA','Pará'),(15,'PB','Paraíba'),(16,'PR','Paraná'),(17,'PE','Pernambuco'),(18,'PI','Piauí'),(19,'RJ','Rio de Janeiro'),(20,'RN','Rio Grande do Norte'),(21,'RS','Rio Grande do Sul'),(22,'RO','Rondônia'),(23,'RR','Roraima'),(24,'SC','Santa Catarina'),(25,'SP','São Paulo'),(26,'SE','Sergipe'),(27,'TO','Tocantins');

/*!40101 SET SQL_MODE=@OLD_SQL_MODE */;
/*!40014 SET FOREIGN_KEY_CHECKS=@OLD_FOREIGN_KEY_CHECKS */;
/*!40014 SET UNIQUE_CHECKS=@OLD_UNIQUE_CHECKS */;
/*!40111 SET SQL_NOTES=@OLD_SQL_NOTES */;
